,xgb_md10_n100_lr0.1_l0,xgb_md10_n100_lr0.1_l1,xgb_md10_n100_lr0.4_l0,xgb_md10_n100_lr0.4_l1,xgb_md10_n200_lr0.1_l0,xgb_md10_n200_lr0.1_l1,xgb_md10_n200_lr0.4_l0,xgb_md10_n200_lr0.4_l1,xgb_md10_n300_lr0.1_l0,xgb_md10_n300_lr0.1_l1,xgb_md10_n300_lr0.4_l0,xgb_md10_n300_lr0.4_l1
Accuracy,0.8281709014069989,0.8252847497809617,0.8337370509714993,0.8337370509714993,0.8362624336442818,0.8333762820182447,0.8373447405040457,0.8360562799567077,0.8407462763490182,0.8377570478791939,0.8376539710354068,0.8368808947070041
Precision,0.8435043590110047,0.8422417519089468,0.824593844934619,0.8308873030833446,0.8425338117582114,0.8424504605079542,0.8246710954800052,0.8267457180500659,0.8449665346264171,0.8431615120274915,0.8225410365774848,0.8259104008383548
Recall,0.7249723621176759,0.7180936002948041,0.7668591082176637,0.7580149858739712,0.7499078737255865,0.7415550915120992,0.7776685910821767,0.7707898292593047,0.7598575113622406,0.7534700896695737,0.781722147156369,0.7744748802358432
F1,0.7797595455145989,0.7752287495027184,0.7946792260692463,0.7927800616649536,0.7935270033144862,0.7887894427386163,0.8004804652927044,0.7977878075138262,0.8001552192471867,0.7957965749870265,0.8016122937397656,0.799366085578447
